person,lat,pic,filepath
01,01,01,./dataset/MMU-Iris-2/010101.bmp
01,01,02,./dataset/MMU-Iris-2/010102.bmp
01,01,03,./dataset/MMU-Iris-2/010103.bmp
01,01,04,./dataset/MMU-Iris-2/010104.bmp
01,01,05,./dataset/MMU-Iris-2/010105.bmp
01,02,01,./dataset/MMU-Iris-2/010201.bmp
01,02,02,./dataset/MMU-Iris-2/010202.bmp
01,02,03,./dataset/MMU-Iris-2/010203.bmp
01,02,04,./dataset/MMU-Iris-2/010204.bmp
01,02,05,./dataset/MMU-Iris-2/010205.bmp
02,01,01,./dataset/MMU-Iris-2/020101.bmp
02,01,02,./dataset/MMU-Iris-2/020102.bmp
02,01,03,./dataset/MMU-Iris-2/020103.bmp
02,01,04,./dataset/MMU-Iris-2/020104.bmp
02,01,05,./dataset/MMU-Iris-2/020105.bmp
02,02,01,./dataset/MMU-Iris-2/020201.bmp
02,02,02,./dataset/MMU-Iris-2/020202.bmp
02,02,03,./dataset/MMU-Iris-2/020203.bmp
02,02,04,./dataset/MMU-Iris-2/020204.bmp
02,02,05,./dataset/MMU-Iris-2/020205.bmp
03,01,01,./dataset/MMU-Iris-2/030101.bmp
03,01,02,./dataset/MMU-Iris-2/030102.bmp
03,01,03,./dataset/MMU-Iris-2/030103.bmp
03,01,04,./dataset/MMU-Iris-2/030104.bmp
03,01,05,./dataset/MMU-Iris-2/030105.bmp
03,02,01,./dataset/MMU-Iris-2/030201.bmp
03,02,02,./dataset/MMU-Iris-2/030202.bmp
03,02,03,./dataset/MMU-Iris-2/030203.bmp
03,02,04,./dataset/MMU-Iris-2/030204.bmp
03,02,05,./dataset/MMU-Iris-2/030205.bmp
04,01,01,./dataset/MMU-Iris-2/040101.bmp
04,01,02,./dataset/MMU-Iris-2/040102.bmp
04,01,03,./dataset/MMU-Iris-2/040103.bmp
04,01,04,./dataset/MMU-Iris-2/040104.bmp
04,01,05,./dataset/MMU-Iris-2/040105.bmp
04,02,01,./dataset/MMU-Iris-2/040201.bmp
04,02,02,./dataset/MMU-Iris-2/040202.bmp
04,02,03,./dataset/MMU-Iris-2/040203.bmp
04,02,04,./dataset/MMU-Iris-2/040204.bmp
04,02,05,./dataset/MMU-Iris-2/040205.bmp
05,01,01,./dataset/MMU-Iris-2/050101.bmp
05,01,02,./dataset/MMU-Iris-2/050102.bmp
05,01,03,./dataset/MMU-Iris-2/050103.bmp
05,01,04,./dataset/MMU-Iris-2/050104.bmp
05,01,05,./dataset/MMU-Iris-2/050105.bmp
05,02,01,./dataset/MMU-Iris-2/050201.bmp
05,02,02,./dataset/MMU-Iris-2/050202.bmp
05,02,03,./dataset/MMU-Iris-2/050203.bmp
05,02,04,./dataset/MMU-Iris-2/050204.bmp
05,02,05,./dataset/MMU-Iris-2/050205.bmp
06,01,01,./dataset/MMU-Iris-2/060101.bmp
06,01,02,./dataset/MMU-Iris-2/060102.bmp
06,01,03,./dataset/MMU-Iris-2/060103.bmp
06,01,04,./dataset/MMU-Iris-2/060104.bmp
06,01,05,./dataset/MMU-Iris-2/060105.bmp
06,02,01,./dataset/MMU-Iris-2/060201.bmp
06,02,02,./dataset/MMU-Iris-2/060202.bmp
06,02,03,./dataset/MMU-Iris-2/060203.bmp
06,02,04,./dataset/MMU-Iris-2/060204.bmp
06,02,05,./dataset/MMU-Iris-2/060205.bmp
07,01,01,./dataset/MMU-Iris-2/070101.bmp
07,01,02,./dataset/MMU-Iris-2/070102.bmp
07,01,03,./dataset/MMU-Iris-2/070103.bmp
07,01,04,./dataset/MMU-Iris-2/070104.bmp
07,01,05,./dataset/MMU-Iris-2/070105.bmp
07,02,01,./dataset/MMU-Iris-2/070201.bmp
07,02,02,./dataset/MMU-Iris-2/070202.bmp
07,02,03,./dataset/MMU-Iris-2/070203.bmp
07,02,04,./dataset/MMU-Iris-2/070204.bmp
07,02,05,./dataset/MMU-Iris-2/070205.bmp
08,01,01,./dataset/MMU-Iris-2/080101.bmp
08,01,02,./dataset/MMU-Iris-2/080102.bmp
08,01,03,./dataset/MMU-Iris-2/080103.bmp
08,01,04,./dataset/MMU-Iris-2/080104.bmp
08,01,05,./dataset/MMU-Iris-2/080105.bmp
08,02,01,./dataset/MMU-Iris-2/080201.bmp
08,02,02,./dataset/MMU-Iris-2/080202.bmp
08,02,03,./dataset/MMU-Iris-2/080203.bmp
08,02,04,./dataset/MMU-Iris-2/080204.bmp
08,02,05,./dataset/MMU-Iris-2/080205.bmp
09,01,01,./dataset/MMU-Iris-2/090101.bmp
09,01,02,./dataset/MMU-Iris-2/090102.bmp
09,01,03,./dataset/MMU-Iris-2/090103.bmp
09,01,04,./dataset/MMU-Iris-2/090104.bmp
09,01,05,./dataset/MMU-Iris-2/090105.bmp
09,02,01,./dataset/MMU-Iris-2/090201.bmp
09,02,02,./dataset/MMU-Iris-2/090202.bmp
09,02,03,./dataset/MMU-Iris-2/090203.bmp
09,02,04,./dataset/MMU-Iris-2/090204.bmp
09,02,05,./dataset/MMU-Iris-2/090205.bmp
10,00,10,./dataset/MMU-Iris-2/1000101.bmp
10,00,10,./dataset/MMU-Iris-2/1000102.bmp
10,00,10,./dataset/MMU-Iris-2/1000103.bmp
10,00,10,./dataset/MMU-Iris-2/1000104.bmp
10,00,10,./dataset/MMU-Iris-2/1000105.bmp
10,00,20,./dataset/MMU-Iris-2/1000201.bmp
10,00,20,./dataset/MMU-Iris-2/1000202.bmp
10,00,20,./dataset/MMU-Iris-2/1000203.bmp
10,00,20,./dataset/MMU-Iris-2/1000204.bmp
10,00,20,./dataset/MMU-Iris-2/1000205.bmp
10,01,01,./dataset/MMU-Iris-2/100101.bmp
10,01,02,./dataset/MMU-Iris-2/100102.bmp
10,01,03,./dataset/MMU-Iris-2/100103.bmp
10,01,04,./dataset/MMU-Iris-2/100104.bmp
10,01,05,./dataset/MMU-Iris-2/100105.bmp
10,02,01,./dataset/MMU-Iris-2/100201.bmp
10,02,02,./dataset/MMU-Iris-2/100202.bmp
10,02,03,./dataset/MMU-Iris-2/100203.bmp
10,02,04,./dataset/MMU-Iris-2/100204.bmp
10,02,05,./dataset/MMU-Iris-2/100205.bmp
11,01,01,./dataset/MMU-Iris-2/110101.bmp
11,01,02,./dataset/MMU-Iris-2/110102.bmp
11,01,03,./dataset/MMU-Iris-2/110103.bmp
11,01,04,./dataset/MMU-Iris-2/110104.bmp
11,01,05,./dataset/MMU-Iris-2/110105.bmp
11,02,01,./dataset/MMU-Iris-2/110201.bmp
11,02,02,./dataset/MMU-Iris-2/110202.bmp
11,02,03,./dataset/MMU-Iris-2/110203.bmp
11,02,04,./dataset/MMU-Iris-2/110204.bmp
11,02,05,./dataset/MMU-Iris-2/110205.bmp
12,01,01,./dataset/MMU-Iris-2/120101.bmp
12,01,02,./dataset/MMU-Iris-2/120102.bmp
12,01,03,./dataset/MMU-Iris-2/120103.bmp
12,01,04,./dataset/MMU-Iris-2/120104.bmp
12,01,05,./dataset/MMU-Iris-2/120105.bmp
12,02,01,./dataset/MMU-Iris-2/120201.bmp
12,02,02,./dataset/MMU-Iris-2/120202.bmp
12,02,03,./dataset/MMU-Iris-2/120203.bmp
12,02,04,./dataset/MMU-Iris-2/120204.bmp
12,02,05,./dataset/MMU-Iris-2/120205.bmp
13,01,01,./dataset/MMU-Iris-2/130101.bmp
13,01,02,./dataset/MMU-Iris-2/130102.bmp
13,01,03,./dataset/MMU-Iris-2/130103.bmp
13,01,04,./dataset/MMU-Iris-2/130104.bmp
13,01,05,./dataset/MMU-Iris-2/130105.bmp
13,02,01,./dataset/MMU-Iris-2/130201.bmp
13,02,02,./dataset/MMU-Iris-2/130202.bmp
13,02,03,./dataset/MMU-Iris-2/130203.bmp
13,02,04,./dataset/MMU-Iris-2/130204.bmp
13,02,05,./dataset/MMU-Iris-2/130205.bmp
14,01,01,./dataset/MMU-Iris-2/140101.bmp
14,01,02,./dataset/MMU-Iris-2/140102.bmp
14,01,03,./dataset/MMU-Iris-2/140103.bmp
14,01,04,./dataset/MMU-Iris-2/140104.bmp
14,01,05,./dataset/MMU-Iris-2/140105.bmp
14,02,01,./dataset/MMU-Iris-2/140201.bmp
14,02,02,./dataset/MMU-Iris-2/140202.bmp
14,02,03,./dataset/MMU-Iris-2/140203.bmp
14,02,04,./dataset/MMU-Iris-2/140204.bmp
14,02,05,./dataset/MMU-Iris-2/140205.bmp
15,01,01,./dataset/MMU-Iris-2/150101.bmp
15,01,02,./dataset/MMU-Iris-2/150102.bmp
15,01,03,./dataset/MMU-Iris-2/150103.bmp
15,01,04,./dataset/MMU-Iris-2/150104.bmp
15,01,05,./dataset/MMU-Iris-2/150105.bmp
15,02,01,./dataset/MMU-Iris-2/150201.bmp
15,02,02,./dataset/MMU-Iris-2/150202.bmp
15,02,03,./dataset/MMU-Iris-2/150203.bmp
15,02,04,./dataset/MMU-Iris-2/150204.bmp
15,02,05,./dataset/MMU-Iris-2/150205.bmp
16,01,01,./dataset/MMU-Iris-2/160101.bmp
16,01,02,./dataset/MMU-Iris-2/160102.bmp
16,01,03,./dataset/MMU-Iris-2/160103.bmp
16,01,04,./dataset/MMU-Iris-2/160104.bmp
16,01,05,./dataset/MMU-Iris-2/160105.bmp
16,02,01,./dataset/MMU-Iris-2/160201.bmp
16,02,02,./dataset/MMU-Iris-2/160202.bmp
16,02,03,./dataset/MMU-Iris-2/160203.bmp
16,02,04,./dataset/MMU-Iris-2/160204.bmp
16,02,05,./dataset/MMU-Iris-2/160205.bmp
17,01,01,./dataset/MMU-Iris-2/170101.bmp
17,01,02,./dataset/MMU-Iris-2/170102.bmp
17,01,03,./dataset/MMU-Iris-2/170103.bmp
17,01,04,./dataset/MMU-Iris-2/170104.bmp
17,01,05,./dataset/MMU-Iris-2/170105.bmp
17,02,01,./dataset/MMU-Iris-2/170201.bmp
17,02,02,./dataset/MMU-Iris-2/170202.bmp
17,02,03,./dataset/MMU-Iris-2/170203.bmp
17,02,04,./dataset/MMU-Iris-2/170204.bmp
17,02,05,./dataset/MMU-Iris-2/170205.bmp
18,01,01,./dataset/MMU-Iris-2/180101.bmp
18,01,02,./dataset/MMU-Iris-2/180102.bmp
18,01,03,./dataset/MMU-Iris-2/180103.bmp
18,01,04,./dataset/MMU-Iris-2/180104.bmp
18,01,05,./dataset/MMU-Iris-2/180105.bmp
18,02,01,./dataset/MMU-Iris-2/180201.bmp
18,02,02,./dataset/MMU-Iris-2/180202.bmp
18,02,03,./dataset/MMU-Iris-2/180203.bmp
18,02,04,./dataset/MMU-Iris-2/180204.bmp
18,02,05,./dataset/MMU-Iris-2/180205.bmp
19,01,01,./dataset/MMU-Iris-2/190101.bmp
19,01,02,./dataset/MMU-Iris-2/190102.bmp
19,01,03,./dataset/MMU-Iris-2/190103.bmp
19,01,04,./dataset/MMU-Iris-2/190104.bmp
19,01,05,./dataset/MMU-Iris-2/190105.bmp
19,02,01,./dataset/MMU-Iris-2/190201.bmp
19,02,02,./dataset/MMU-Iris-2/190202.bmp
19,02,03,./dataset/MMU-Iris-2/190203.bmp
19,02,04,./dataset/MMU-Iris-2/190204.bmp
19,02,05,./dataset/MMU-Iris-2/190205.bmp
20,01,01,./dataset/MMU-Iris-2/200101.bmp
20,01,02,./dataset/MMU-Iris-2/200102.bmp
20,01,03,./dataset/MMU-Iris-2/200103.bmp
20,01,04,./dataset/MMU-Iris-2/200104.bmp
20,01,05,./dataset/MMU-Iris-2/200105.bmp
20,02,01,./dataset/MMU-Iris-2/200201.bmp
20,02,02,./dataset/MMU-Iris-2/200202.bmp
20,02,03,./dataset/MMU-Iris-2/200203.bmp
20,02,04,./dataset/MMU-Iris-2/200204.bmp
20,02,05,./dataset/MMU-Iris-2/200205.bmp
21,01,01,./dataset/MMU-Iris-2/210101.bmp
21,01,02,./dataset/MMU-Iris-2/210102.bmp
21,01,03,./dataset/MMU-Iris-2/210103.bmp
21,01,04,./dataset/MMU-Iris-2/210104.bmp
21,01,05,./dataset/MMU-Iris-2/210105.bmp
21,02,01,./dataset/MMU-Iris-2/210201.bmp
21,02,02,./dataset/MMU-Iris-2/210202.bmp
21,02,03,./dataset/MMU-Iris-2/210203.bmp
21,02,04,./dataset/MMU-Iris-2/210204.bmp
21,02,05,./dataset/MMU-Iris-2/210205.bmp
22,01,01,./dataset/MMU-Iris-2/220101.bmp
22,01,02,./dataset/MMU-Iris-2/220102.bmp
22,01,03,./dataset/MMU-Iris-2/220103.bmp
22,01,04,./dataset/MMU-Iris-2/220104.bmp
22,01,05,./dataset/MMU-Iris-2/220105.bmp
22,02,01,./dataset/MMU-Iris-2/220201.bmp
22,02,02,./dataset/MMU-Iris-2/220202.bmp
22,02,03,./dataset/MMU-Iris-2/220203.bmp
22,02,04,./dataset/MMU-Iris-2/220204.bmp
22,02,05,./dataset/MMU-Iris-2/220205.bmp
23,01,01,./dataset/MMU-Iris-2/230101.bmp
23,01,02,./dataset/MMU-Iris-2/230102.bmp
23,01,03,./dataset/MMU-Iris-2/230103.bmp
23,01,04,./dataset/MMU-Iris-2/230104.bmp
23,01,05,./dataset/MMU-Iris-2/230105.bmp
23,02,01,./dataset/MMU-Iris-2/230201.bmp
23,02,02,./dataset/MMU-Iris-2/230202.bmp
23,02,03,./dataset/MMU-Iris-2/230203.bmp
23,02,04,./dataset/MMU-Iris-2/230204.bmp
23,02,05,./dataset/MMU-Iris-2/230205.bmp
24,01,01,./dataset/MMU-Iris-2/240101.bmp
24,01,02,./dataset/MMU-Iris-2/240102.bmp
24,01,03,./dataset/MMU-Iris-2/240103.bmp
24,01,04,./dataset/MMU-Iris-2/240104.bmp
24,01,05,./dataset/MMU-Iris-2/240105.bmp
24,02,01,./dataset/MMU-Iris-2/240201.bmp
24,02,02,./dataset/MMU-Iris-2/240202.bmp
24,02,03,./dataset/MMU-Iris-2/240203.bmp
24,02,04,./dataset/MMU-Iris-2/240204.bmp
24,02,05,./dataset/MMU-Iris-2/240205.bmp
25,01,01,./dataset/MMU-Iris-2/250101.bmp
25,01,02,./dataset/MMU-Iris-2/250102.bmp
25,01,03,./dataset/MMU-Iris-2/250103.bmp
25,01,04,./dataset/MMU-Iris-2/250104.bmp
25,01,05,./dataset/MMU-Iris-2/250105.bmp
25,02,01,./dataset/MMU-Iris-2/250201.bmp
25,02,02,./dataset/MMU-Iris-2/250202.bmp
25,02,03,./dataset/MMU-Iris-2/250203.bmp
25,02,04,./dataset/MMU-Iris-2/250204.bmp
25,02,05,./dataset/MMU-Iris-2/250205.bmp
26,01,01,./dataset/MMU-Iris-2/260101.bmp
26,01,02,./dataset/MMU-Iris-2/260102.bmp
26,01,03,./dataset/MMU-Iris-2/260103.bmp
26,01,04,./dataset/MMU-Iris-2/260104.bmp
26,01,05,./dataset/MMU-Iris-2/260105.bmp
26,02,01,./dataset/MMU-Iris-2/260201.bmp
26,02,02,./dataset/MMU-Iris-2/260202.bmp
26,02,03,./dataset/MMU-Iris-2/260203.bmp
26,02,04,./dataset/MMU-Iris-2/260204.bmp
26,02,05,./dataset/MMU-Iris-2/260205.bmp
27,01,01,./dataset/MMU-Iris-2/270101.bmp
27,01,02,./dataset/MMU-Iris-2/270102.bmp
27,01,03,./dataset/MMU-Iris-2/270103.bmp
27,01,04,./dataset/MMU-Iris-2/270104.bmp
27,01,05,./dataset/MMU-Iris-2/270105.bmp
27,02,01,./dataset/MMU-Iris-2/270201.bmp
27,02,02,./dataset/MMU-Iris-2/270202.bmp
27,02,03,./dataset/MMU-Iris-2/270203.bmp
27,02,04,./dataset/MMU-Iris-2/270204.bmp
27,02,05,./dataset/MMU-Iris-2/270205.bmp
28,01,01,./dataset/MMU-Iris-2/280101.bmp
28,01,02,./dataset/MMU-Iris-2/280102.bmp
28,01,03,./dataset/MMU-Iris-2/280103.bmp
28,01,04,./dataset/MMU-Iris-2/280104.bmp
28,01,05,./dataset/MMU-Iris-2/280105.bmp
28,02,01,./dataset/MMU-Iris-2/280201.bmp
28,02,02,./dataset/MMU-Iris-2/280202.bmp
28,02,03,./dataset/MMU-Iris-2/280203.bmp
28,02,04,./dataset/MMU-Iris-2/280204.bmp
28,02,05,./dataset/MMU-Iris-2/280205.bmp
29,01,01,./dataset/MMU-Iris-2/290101.bmp
29,01,02,./dataset/MMU-Iris-2/290102.bmp
29,01,03,./dataset/MMU-Iris-2/290103.bmp
29,01,04,./dataset/MMU-Iris-2/290104.bmp
29,01,05,./dataset/MMU-Iris-2/290105.bmp
29,02,01,./dataset/MMU-Iris-2/290201.bmp
29,02,02,./dataset/MMU-Iris-2/290202.bmp
29,02,03,./dataset/MMU-Iris-2/290203.bmp
29,02,04,./dataset/MMU-Iris-2/290204.bmp
29,02,05,./dataset/MMU-Iris-2/290205.bmp
30,01,01,./dataset/MMU-Iris-2/300101.bmp
30,01,02,./dataset/MMU-Iris-2/300102.bmp
30,01,03,./dataset/MMU-Iris-2/300103.bmp
30,01,04,./dataset/MMU-Iris-2/300104.bmp
30,01,05,./dataset/MMU-Iris-2/300105.bmp
30,02,01,./dataset/MMU-Iris-2/300201.bmp
30,02,02,./dataset/MMU-Iris-2/300202.bmp
30,02,03,./dataset/MMU-Iris-2/300203.bmp
30,02,04,./dataset/MMU-Iris-2/300204.bmp
30,02,05,./dataset/MMU-Iris-2/300205.bmp
31,01,01,./dataset/MMU-Iris-2/310101.bmp
31,01,02,./dataset/MMU-Iris-2/310102.bmp
31,01,03,./dataset/MMU-Iris-2/310103.bmp
31,01,04,./dataset/MMU-Iris-2/310104.bmp
31,01,05,./dataset/MMU-Iris-2/310105.bmp
31,02,01,./dataset/MMU-Iris-2/310201.bmp
31,02,02,./dataset/MMU-Iris-2/310202.bmp
31,02,03,./dataset/MMU-Iris-2/310203.bmp
31,02,04,./dataset/MMU-Iris-2/310204.bmp
31,02,05,./dataset/MMU-Iris-2/310205.bmp
32,01,01,./dataset/MMU-Iris-2/320101.bmp
32,01,02,./dataset/MMU-Iris-2/320102.bmp
32,01,03,./dataset/MMU-Iris-2/320103.bmp
32,01,04,./dataset/MMU-Iris-2/320104.bmp
32,01,05,./dataset/MMU-Iris-2/320105.bmp
32,02,01,./dataset/MMU-Iris-2/320201.bmp
32,02,02,./dataset/MMU-Iris-2/320202.bmp
32,02,03,./dataset/MMU-Iris-2/320203.bmp
32,02,04,./dataset/MMU-Iris-2/320204.bmp
32,02,05,./dataset/MMU-Iris-2/320205.bmp
33,01,01,./dataset/MMU-Iris-2/330101.bmp
33,01,02,./dataset/MMU-Iris-2/330102.bmp
33,01,03,./dataset/MMU-Iris-2/330103.bmp
33,01,04,./dataset/MMU-Iris-2/330104.bmp
33,01,05,./dataset/MMU-Iris-2/330105.bmp
33,02,01,./dataset/MMU-Iris-2/330201.bmp
33,02,02,./dataset/MMU-Iris-2/330202.bmp
33,02,03,./dataset/MMU-Iris-2/330203.bmp
33,02,04,./dataset/MMU-Iris-2/330204.bmp
33,02,05,./dataset/MMU-Iris-2/330205.bmp
34,01,01,./dataset/MMU-Iris-2/340101.bmp
34,01,02,./dataset/MMU-Iris-2/340102.bmp
34,01,03,./dataset/MMU-Iris-2/340103.bmp
34,01,04,./dataset/MMU-Iris-2/340104.bmp
34,01,05,./dataset/MMU-Iris-2/340105.bmp
34,02,01,./dataset/MMU-Iris-2/340201.bmp
34,02,02,./dataset/MMU-Iris-2/340202.bmp
34,02,03,./dataset/MMU-Iris-2/340203.bmp
34,02,04,./dataset/MMU-Iris-2/340204.bmp
34,02,05,./dataset/MMU-Iris-2/340205.bmp
35,01,01,./dataset/MMU-Iris-2/350101.bmp
35,01,02,./dataset/MMU-Iris-2/350102.bmp
35,01,03,./dataset/MMU-Iris-2/350103.bmp
35,01,04,./dataset/MMU-Iris-2/350104.bmp
35,01,05,./dataset/MMU-Iris-2/350105.bmp
35,02,01,./dataset/MMU-Iris-2/350201.bmp
35,02,02,./dataset/MMU-Iris-2/350202.bmp
35,02,03,./dataset/MMU-Iris-2/350203.bmp
35,02,04,./dataset/MMU-Iris-2/350204.bmp
35,02,05,./dataset/MMU-Iris-2/350205.bmp
36,01,01,./dataset/MMU-Iris-2/360101.bmp
36,01,02,./dataset/MMU-Iris-2/360102.bmp
36,01,03,./dataset/MMU-Iris-2/360103.bmp
36,01,04,./dataset/MMU-Iris-2/360104.bmp
36,01,05,./dataset/MMU-Iris-2/360105.bmp
36,02,01,./dataset/MMU-Iris-2/360201.bmp
36,02,02,./dataset/MMU-Iris-2/360202.bmp
36,02,03,./dataset/MMU-Iris-2/360203.bmp
36,02,04,./dataset/MMU-Iris-2/360204.bmp
36,02,05,./dataset/MMU-Iris-2/360205.bmp
37,01,01,./dataset/MMU-Iris-2/370101.bmp
37,01,02,./dataset/MMU-Iris-2/370102.bmp
37,01,03,./dataset/MMU-Iris-2/370103.bmp
37,01,04,./dataset/MMU-Iris-2/370104.bmp
37,01,05,./dataset/MMU-Iris-2/370105.bmp
37,02,01,./dataset/MMU-Iris-2/370201.bmp
37,02,02,./dataset/MMU-Iris-2/370202.bmp
37,02,03,./dataset/MMU-Iris-2/370203.bmp
37,02,04,./dataset/MMU-Iris-2/370204.bmp
37,02,05,./dataset/MMU-Iris-2/370205.bmp
38,01,01,./dataset/MMU-Iris-2/380101.bmp
38,01,02,./dataset/MMU-Iris-2/380102.bmp
38,01,03,./dataset/MMU-Iris-2/380103.bmp
38,01,04,./dataset/MMU-Iris-2/380104.bmp
38,01,05,./dataset/MMU-Iris-2/380105.bmp
38,02,01,./dataset/MMU-Iris-2/380201.bmp
38,02,02,./dataset/MMU-Iris-2/380202.bmp
38,02,03,./dataset/MMU-Iris-2/380203.bmp
38,02,04,./dataset/MMU-Iris-2/380204.bmp
38,02,05,./dataset/MMU-Iris-2/380205.bmp
39,01,01,./dataset/MMU-Iris-2/390101.bmp
39,01,02,./dataset/MMU-Iris-2/390102.bmp
39,01,03,./dataset/MMU-Iris-2/390103.bmp
39,01,04,./dataset/MMU-Iris-2/390104.bmp
39,01,05,./dataset/MMU-Iris-2/390105.bmp
39,02,01,./dataset/MMU-Iris-2/390201.bmp
39,02,02,./dataset/MMU-Iris-2/390202.bmp
39,02,03,./dataset/MMU-Iris-2/390203.bmp
39,02,04,./dataset/MMU-Iris-2/390204.bmp
39,02,05,./dataset/MMU-Iris-2/390205.bmp
40,01,01,./dataset/MMU-Iris-2/400101.bmp
40,01,02,./dataset/MMU-Iris-2/400102.bmp
40,01,03,./dataset/MMU-Iris-2/400103.bmp
40,01,04,./dataset/MMU-Iris-2/400104.bmp
40,01,05,./dataset/MMU-Iris-2/400105.bmp
40,02,01,./dataset/MMU-Iris-2/400201.bmp
40,02,02,./dataset/MMU-Iris-2/400202.bmp
40,02,03,./dataset/MMU-Iris-2/400203.bmp
40,02,04,./dataset/MMU-Iris-2/400204.bmp
40,02,05,./dataset/MMU-Iris-2/400205.bmp
41,01,01,./dataset/MMU-Iris-2/410101.bmp
41,01,02,./dataset/MMU-Iris-2/410102.bmp
41,01,03,./dataset/MMU-Iris-2/410103.bmp
41,01,04,./dataset/MMU-Iris-2/410104.bmp
41,01,05,./dataset/MMU-Iris-2/410105.bmp
41,02,01,./dataset/MMU-Iris-2/410201.bmp
41,02,02,./dataset/MMU-Iris-2/410202.bmp
41,02,03,./dataset/MMU-Iris-2/410203.bmp
41,02,04,./dataset/MMU-Iris-2/410204.bmp
41,02,05,./dataset/MMU-Iris-2/410205.bmp
42,01,01,./dataset/MMU-Iris-2/420101.bmp
42,01,02,./dataset/MMU-Iris-2/420102.bmp
42,01,03,./dataset/MMU-Iris-2/420103.bmp
42,01,04,./dataset/MMU-Iris-2/420104.bmp
42,01,05,./dataset/MMU-Iris-2/420105.bmp
42,02,01,./dataset/MMU-Iris-2/420201.bmp
42,02,02,./dataset/MMU-Iris-2/420202.bmp
42,02,03,./dataset/MMU-Iris-2/420203.bmp
42,02,04,./dataset/MMU-Iris-2/420204.bmp
42,02,05,./dataset/MMU-Iris-2/420205.bmp
43,01,01,./dataset/MMU-Iris-2/430101.bmp
43,01,02,./dataset/MMU-Iris-2/430102.bmp
43,01,03,./dataset/MMU-Iris-2/430103.bmp
43,01,04,./dataset/MMU-Iris-2/430104.bmp
43,01,05,./dataset/MMU-Iris-2/430105.bmp
43,02,01,./dataset/MMU-Iris-2/430201.bmp
43,02,02,./dataset/MMU-Iris-2/430202.bmp
43,02,03,./dataset/MMU-Iris-2/430203.bmp
43,02,04,./dataset/MMU-Iris-2/430204.bmp
43,02,05,./dataset/MMU-Iris-2/430205.bmp
44,01,01,./dataset/MMU-Iris-2/440101.bmp
44,01,02,./dataset/MMU-Iris-2/440102.bmp
44,01,03,./dataset/MMU-Iris-2/440103.bmp
44,01,04,./dataset/MMU-Iris-2/440104.bmp
44,01,05,./dataset/MMU-Iris-2/440105.bmp
44,02,01,./dataset/MMU-Iris-2/440201.bmp
44,02,02,./dataset/MMU-Iris-2/440202.bmp
44,02,03,./dataset/MMU-Iris-2/440203.bmp
44,02,04,./dataset/MMU-Iris-2/440204.bmp
44,02,05,./dataset/MMU-Iris-2/440205.bmp
45,01,01,./dataset/MMU-Iris-2/450101.bmp
45,01,02,./dataset/MMU-Iris-2/450102.bmp
45,01,03,./dataset/MMU-Iris-2/450103.bmp
45,01,04,./dataset/MMU-Iris-2/450104.bmp
45,01,05,./dataset/MMU-Iris-2/450105.bmp
45,02,01,./dataset/MMU-Iris-2/450201.bmp
45,02,02,./dataset/MMU-Iris-2/450202.bmp
45,02,03,./dataset/MMU-Iris-2/450203.bmp
45,02,04,./dataset/MMU-Iris-2/450204.bmp
45,02,05,./dataset/MMU-Iris-2/450205.bmp
46,01,01,./dataset/MMU-Iris-2/460101.bmp
46,01,02,./dataset/MMU-Iris-2/460102.bmp
46,01,03,./dataset/MMU-Iris-2/460103.bmp
46,01,04,./dataset/MMU-Iris-2/460104.bmp
46,01,05,./dataset/MMU-Iris-2/460105.bmp
46,02,01,./dataset/MMU-Iris-2/460201.bmp
46,02,02,./dataset/MMU-Iris-2/460202.bmp
46,02,03,./dataset/MMU-Iris-2/460203.bmp
46,02,04,./dataset/MMU-Iris-2/460204.bmp
46,02,05,./dataset/MMU-Iris-2/460205.bmp
47,01,01,./dataset/MMU-Iris-2/470101.bmp
47,01,02,./dataset/MMU-Iris-2/470102.bmp
47,01,03,./dataset/MMU-Iris-2/470103.bmp
47,01,04,./dataset/MMU-Iris-2/470104.bmp
47,01,05,./dataset/MMU-Iris-2/470105.bmp
47,02,01,./dataset/MMU-Iris-2/470201.bmp
47,02,02,./dataset/MMU-Iris-2/470202.bmp
47,02,03,./dataset/MMU-Iris-2/470203.bmp
47,02,04,./dataset/MMU-Iris-2/470204.bmp
47,02,05,./dataset/MMU-Iris-2/470205.bmp
48,01,01,./dataset/MMU-Iris-2/480101.bmp
48,01,02,./dataset/MMU-Iris-2/480102.bmp
48,01,03,./dataset/MMU-Iris-2/480103.bmp
48,01,04,./dataset/MMU-Iris-2/480104.bmp
48,01,05,./dataset/MMU-Iris-2/480105.bmp
48,02,01,./dataset/MMU-Iris-2/480201.bmp
48,02,02,./dataset/MMU-Iris-2/480202.bmp
48,02,03,./dataset/MMU-Iris-2/480203.bmp
48,02,04,./dataset/MMU-Iris-2/480204.bmp
48,02,05,./dataset/MMU-Iris-2/480205.bmp
49,01,01,./dataset/MMU-Iris-2/490101.bmp
49,01,02,./dataset/MMU-Iris-2/490102.bmp
49,01,03,./dataset/MMU-Iris-2/490103.bmp
49,01,04,./dataset/MMU-Iris-2/490104.bmp
49,01,05,./dataset/MMU-Iris-2/490105.bmp
49,02,01,./dataset/MMU-Iris-2/490201.bmp
49,02,02,./dataset/MMU-Iris-2/490202.bmp
49,02,03,./dataset/MMU-Iris-2/490203.bmp
49,02,04,./dataset/MMU-Iris-2/490204.bmp
49,02,05,./dataset/MMU-Iris-2/490205.bmp
50,02,01,./dataset/MMU-Iris-2/500201.bmp
50,02,02,./dataset/MMU-Iris-2/500202.bmp
50,02,03,./dataset/MMU-Iris-2/500203.bmp
50,02,04,./dataset/MMU-Iris-2/500204.bmp
50,02,05,./dataset/MMU-Iris-2/500205.bmp
51,01,01,./dataset/MMU-Iris-2/510101.bmp
51,01,02,./dataset/MMU-Iris-2/510102.bmp
51,01,03,./dataset/MMU-Iris-2/510103.bmp
51,01,04,./dataset/MMU-Iris-2/510104.bmp
51,01,05,./dataset/MMU-Iris-2/510105.bmp
51,02,01,./dataset/MMU-Iris-2/510201.bmp
51,02,02,./dataset/MMU-Iris-2/510202.bmp
51,02,03,./dataset/MMU-Iris-2/510203.bmp
51,02,04,./dataset/MMU-Iris-2/510204.bmp
51,02,05,./dataset/MMU-Iris-2/510205.bmp
52,01,01,./dataset/MMU-Iris-2/520101.bmp
52,01,02,./dataset/MMU-Iris-2/520102.bmp
52,01,03,./dataset/MMU-Iris-2/520103.bmp
52,01,04,./dataset/MMU-Iris-2/520104.bmp
52,01,05,./dataset/MMU-Iris-2/520105.bmp
52,02,01,./dataset/MMU-Iris-2/520201.bmp
52,02,02,./dataset/MMU-Iris-2/520202.bmp
52,02,03,./dataset/MMU-Iris-2/520203.bmp
52,02,04,./dataset/MMU-Iris-2/520204.bmp
52,02,05,./dataset/MMU-Iris-2/520205.bmp
53,01,01,./dataset/MMU-Iris-2/530101.bmp
53,01,02,./dataset/MMU-Iris-2/530102.bmp
53,01,03,./dataset/MMU-Iris-2/530103.bmp
53,01,04,./dataset/MMU-Iris-2/530104.bmp
53,01,05,./dataset/MMU-Iris-2/530105.bmp
53,02,01,./dataset/MMU-Iris-2/530201.bmp
53,02,02,./dataset/MMU-Iris-2/530202.bmp
53,02,03,./dataset/MMU-Iris-2/530203.bmp
53,02,04,./dataset/MMU-Iris-2/530204.bmp
53,02,05,./dataset/MMU-Iris-2/530205.bmp
54,01,01,./dataset/MMU-Iris-2/540101.bmp
54,01,02,./dataset/MMU-Iris-2/540102.bmp
54,01,03,./dataset/MMU-Iris-2/540103.bmp
54,01,04,./dataset/MMU-Iris-2/540104.bmp
54,01,05,./dataset/MMU-Iris-2/540105.bmp
54,02,01,./dataset/MMU-Iris-2/540201.bmp
54,02,02,./dataset/MMU-Iris-2/540202.bmp
54,02,03,./dataset/MMU-Iris-2/540203.bmp
54,02,04,./dataset/MMU-Iris-2/540204.bmp
54,02,05,./dataset/MMU-Iris-2/540205.bmp
55,01,01,./dataset/MMU-Iris-2/550101.bmp
55,01,02,./dataset/MMU-Iris-2/550102.bmp
55,01,03,./dataset/MMU-Iris-2/550103.bmp
55,01,04,./dataset/MMU-Iris-2/550104.bmp
55,01,05,./dataset/MMU-Iris-2/550105.bmp
55,02,01,./dataset/MMU-Iris-2/550201.bmp
55,02,02,./dataset/MMU-Iris-2/550202.bmp
55,02,03,./dataset/MMU-Iris-2/550203.bmp
55,02,04,./dataset/MMU-Iris-2/550204.bmp
55,02,05,./dataset/MMU-Iris-2/550205.bmp
56,01,01,./dataset/MMU-Iris-2/560101.bmp
56,01,02,./dataset/MMU-Iris-2/560102.bmp
56,01,03,./dataset/MMU-Iris-2/560103.bmp
56,01,04,./dataset/MMU-Iris-2/560104.bmp
56,01,05,./dataset/MMU-Iris-2/560105.bmp
56,02,01,./dataset/MMU-Iris-2/560201.bmp
56,02,02,./dataset/MMU-Iris-2/560202.bmp
56,02,03,./dataset/MMU-Iris-2/560203.bmp
56,02,04,./dataset/MMU-Iris-2/560204.bmp
56,02,05,./dataset/MMU-Iris-2/560205.bmp
57,01,01,./dataset/MMU-Iris-2/570101.bmp
57,01,02,./dataset/MMU-Iris-2/570102.bmp
57,01,03,./dataset/MMU-Iris-2/570103.bmp
57,01,04,./dataset/MMU-Iris-2/570104.bmp
57,01,05,./dataset/MMU-Iris-2/570105.bmp
57,02,01,./dataset/MMU-Iris-2/570201.bmp
57,02,02,./dataset/MMU-Iris-2/570202.bmp
57,02,03,./dataset/MMU-Iris-2/570203.bmp
57,02,04,./dataset/MMU-Iris-2/570204.bmp
57,02,05,./dataset/MMU-Iris-2/570205.bmp
58,01,01,./dataset/MMU-Iris-2/580101.bmp
58,01,02,./dataset/MMU-Iris-2/580102.bmp
58,01,03,./dataset/MMU-Iris-2/580103.bmp
58,01,04,./dataset/MMU-Iris-2/580104.bmp
58,01,05,./dataset/MMU-Iris-2/580105.bmp
58,02,01,./dataset/MMU-Iris-2/580201.bmp
58,02,02,./dataset/MMU-Iris-2/580202.bmp
58,02,03,./dataset/MMU-Iris-2/580203.bmp
58,02,04,./dataset/MMU-Iris-2/580204.bmp
58,02,05,./dataset/MMU-Iris-2/580205.bmp
59,01,01,./dataset/MMU-Iris-2/590101.bmp
59,01,02,./dataset/MMU-Iris-2/590102.bmp
59,01,03,./dataset/MMU-Iris-2/590103.bmp
59,01,04,./dataset/MMU-Iris-2/590104.bmp
59,01,05,./dataset/MMU-Iris-2/590105.bmp
59,02,01,./dataset/MMU-Iris-2/590201.bmp
59,02,02,./dataset/MMU-Iris-2/590202.bmp
59,02,03,./dataset/MMU-Iris-2/590203.bmp
59,02,04,./dataset/MMU-Iris-2/590204.bmp
59,02,05,./dataset/MMU-Iris-2/590205.bmp
60,01,01,./dataset/MMU-Iris-2/600101.bmp
60,01,02,./dataset/MMU-Iris-2/600102.bmp
60,01,03,./dataset/MMU-Iris-2/600103.bmp
60,01,04,./dataset/MMU-Iris-2/600104.bmp
60,01,05,./dataset/MMU-Iris-2/600105.bmp
60,02,01,./dataset/MMU-Iris-2/600201.bmp
60,02,02,./dataset/MMU-Iris-2/600202.bmp
60,02,03,./dataset/MMU-Iris-2/600203.bmp
60,02,04,./dataset/MMU-Iris-2/600204.bmp
60,02,05,./dataset/MMU-Iris-2/600205.bmp
61,01,01,./dataset/MMU-Iris-2/610101.bmp
61,01,02,./dataset/MMU-Iris-2/610102.bmp
61,01,03,./dataset/MMU-Iris-2/610103.bmp
61,01,04,./dataset/MMU-Iris-2/610104.bmp
61,01,05,./dataset/MMU-Iris-2/610105.bmp
61,02,01,./dataset/MMU-Iris-2/610201.bmp
61,02,02,./dataset/MMU-Iris-2/610202.bmp
61,02,03,./dataset/MMU-Iris-2/610203.bmp
61,02,04,./dataset/MMU-Iris-2/610204.bmp
61,02,05,./dataset/MMU-Iris-2/610205.bmp
62,01,01,./dataset/MMU-Iris-2/620101.bmp
62,01,02,./dataset/MMU-Iris-2/620102.bmp
62,01,03,./dataset/MMU-Iris-2/620103.bmp
62,01,04,./dataset/MMU-Iris-2/620104.bmp
62,01,05,./dataset/MMU-Iris-2/620105.bmp
62,02,01,./dataset/MMU-Iris-2/620201.bmp
62,02,02,./dataset/MMU-Iris-2/620202.bmp
62,02,03,./dataset/MMU-Iris-2/620203.bmp
62,02,04,./dataset/MMU-Iris-2/620204.bmp
62,02,05,./dataset/MMU-Iris-2/620205.bmp
63,01,01,./dataset/MMU-Iris-2/630101.bmp
63,01,02,./dataset/MMU-Iris-2/630102.bmp
63,01,03,./dataset/MMU-Iris-2/630103.bmp
63,01,04,./dataset/MMU-Iris-2/630104.bmp
63,01,05,./dataset/MMU-Iris-2/630105.bmp
63,02,01,./dataset/MMU-Iris-2/630201.bmp
63,02,02,./dataset/MMU-Iris-2/630202.bmp
63,02,03,./dataset/MMU-Iris-2/630203.bmp
63,02,04,./dataset/MMU-Iris-2/630204.bmp
63,02,05,./dataset/MMU-Iris-2/630205.bmp
64,01,01,./dataset/MMU-Iris-2/640101.bmp
64,01,02,./dataset/MMU-Iris-2/640102.bmp
64,01,03,./dataset/MMU-Iris-2/640103.bmp
64,01,04,./dataset/MMU-Iris-2/640104.bmp
64,01,05,./dataset/MMU-Iris-2/640105.bmp
64,02,01,./dataset/MMU-Iris-2/640201.bmp
64,02,02,./dataset/MMU-Iris-2/640202.bmp
64,02,03,./dataset/MMU-Iris-2/640203.bmp
64,02,04,./dataset/MMU-Iris-2/640204.bmp
64,02,05,./dataset/MMU-Iris-2/640205.bmp
65,01,01,./dataset/MMU-Iris-2/650101.bmp
65,01,02,./dataset/MMU-Iris-2/650102.bmp
65,01,03,./dataset/MMU-Iris-2/650103.bmp
65,01,04,./dataset/MMU-Iris-2/650104.bmp
65,01,05,./dataset/MMU-Iris-2/650105.bmp
65,02,01,./dataset/MMU-Iris-2/650201.bmp
65,02,02,./dataset/MMU-Iris-2/650202.bmp
65,02,03,./dataset/MMU-Iris-2/650203.bmp
65,02,04,./dataset/MMU-Iris-2/650204.bmp
65,02,05,./dataset/MMU-Iris-2/650205.bmp
66,01,01,./dataset/MMU-Iris-2/660101.bmp
66,01,02,./dataset/MMU-Iris-2/660102.bmp
66,01,03,./dataset/MMU-Iris-2/660103.bmp
66,01,04,./dataset/MMU-Iris-2/660104.bmp
66,01,05,./dataset/MMU-Iris-2/660105.bmp
66,02,01,./dataset/MMU-Iris-2/660201.bmp
66,02,02,./dataset/MMU-Iris-2/660202.bmp
66,02,03,./dataset/MMU-Iris-2/660203.bmp
66,02,04,./dataset/MMU-Iris-2/660204.bmp
66,02,05,./dataset/MMU-Iris-2/660205.bmp
67,01,01,./dataset/MMU-Iris-2/670101.bmp
67,01,02,./dataset/MMU-Iris-2/670102.bmp
67,01,03,./dataset/MMU-Iris-2/670103.bmp
67,01,04,./dataset/MMU-Iris-2/670104.bmp
67,01,05,./dataset/MMU-Iris-2/670105.bmp
67,02,01,./dataset/MMU-Iris-2/670201.bmp
67,02,02,./dataset/MMU-Iris-2/670202.bmp
67,02,03,./dataset/MMU-Iris-2/670203.bmp
67,02,04,./dataset/MMU-Iris-2/670204.bmp
67,02,05,./dataset/MMU-Iris-2/670205.bmp
68,01,01,./dataset/MMU-Iris-2/680101.bmp
68,01,02,./dataset/MMU-Iris-2/680102.bmp
68,01,03,./dataset/MMU-Iris-2/680103.bmp
68,01,04,./dataset/MMU-Iris-2/680104.bmp
68,01,05,./dataset/MMU-Iris-2/680105.bmp
68,02,01,./dataset/MMU-Iris-2/680201.bmp
68,02,02,./dataset/MMU-Iris-2/680202.bmp
68,02,03,./dataset/MMU-Iris-2/680203.bmp
68,02,04,./dataset/MMU-Iris-2/680204.bmp
68,02,05,./dataset/MMU-Iris-2/680205.bmp
69,01,01,./dataset/MMU-Iris-2/690101.bmp
69,01,02,./dataset/MMU-Iris-2/690102.bmp
69,01,03,./dataset/MMU-Iris-2/690103.bmp
69,01,04,./dataset/MMU-Iris-2/690104.bmp
69,01,05,./dataset/MMU-Iris-2/690105.bmp
69,02,01,./dataset/MMU-Iris-2/690201.bmp
69,02,02,./dataset/MMU-Iris-2/690202.bmp
69,02,03,./dataset/MMU-Iris-2/690203.bmp
69,02,04,./dataset/MMU-Iris-2/690204.bmp
69,02,05,./dataset/MMU-Iris-2/690205.bmp
70,01,01,./dataset/MMU-Iris-2/700101.bmp
70,01,02,./dataset/MMU-Iris-2/700102.bmp
70,01,03,./dataset/MMU-Iris-2/700103.bmp
70,01,04,./dataset/MMU-Iris-2/700104.bmp
70,01,05,./dataset/MMU-Iris-2/700105.bmp
70,02,01,./dataset/MMU-Iris-2/700201.bmp
70,02,02,./dataset/MMU-Iris-2/700202.bmp
70,02,03,./dataset/MMU-Iris-2/700203.bmp
70,02,04,./dataset/MMU-Iris-2/700204.bmp
70,02,05,./dataset/MMU-Iris-2/700205.bmp
71,01,01,./dataset/MMU-Iris-2/710101.bmp
71,01,02,./dataset/MMU-Iris-2/710102.bmp
71,01,03,./dataset/MMU-Iris-2/710103.bmp
71,01,04,./dataset/MMU-Iris-2/710104.bmp
71,01,05,./dataset/MMU-Iris-2/710105.bmp
71,02,01,./dataset/MMU-Iris-2/710201.bmp
71,02,02,./dataset/MMU-Iris-2/710202.bmp
71,02,03,./dataset/MMU-Iris-2/710203.bmp
71,02,04,./dataset/MMU-Iris-2/710204.bmp
71,02,05,./dataset/MMU-Iris-2/710205.bmp
72,01,01,./dataset/MMU-Iris-2/720101.bmp
72,01,02,./dataset/MMU-Iris-2/720102.bmp
72,01,03,./dataset/MMU-Iris-2/720103.bmp
72,01,04,./dataset/MMU-Iris-2/720104.bmp
72,01,05,./dataset/MMU-Iris-2/720105.bmp
72,02,01,./dataset/MMU-Iris-2/720201.bmp
72,02,02,./dataset/MMU-Iris-2/720202.bmp
72,02,03,./dataset/MMU-Iris-2/720203.bmp
72,02,04,./dataset/MMU-Iris-2/720204.bmp
72,02,05,./dataset/MMU-Iris-2/720205.bmp
73,01,01,./dataset/MMU-Iris-2/730101.bmp
73,01,02,./dataset/MMU-Iris-2/730102.bmp
73,01,03,./dataset/MMU-Iris-2/730103.bmp
73,01,04,./dataset/MMU-Iris-2/730104.bmp
73,01,05,./dataset/MMU-Iris-2/730105.bmp
73,02,01,./dataset/MMU-Iris-2/730201.bmp
73,02,02,./dataset/MMU-Iris-2/730202.bmp
73,02,03,./dataset/MMU-Iris-2/730203.bmp
73,02,04,./dataset/MMU-Iris-2/730204.bmp
73,02,05,./dataset/MMU-Iris-2/730205.bmp
74,01,01,./dataset/MMU-Iris-2/740101.bmp
74,01,02,./dataset/MMU-Iris-2/740102.bmp
74,01,03,./dataset/MMU-Iris-2/740103.bmp
74,01,04,./dataset/MMU-Iris-2/740104.bmp
74,01,05,./dataset/MMU-Iris-2/740105.bmp
74,02,01,./dataset/MMU-Iris-2/740201.bmp
74,02,02,./dataset/MMU-Iris-2/740202.bmp
74,02,03,./dataset/MMU-Iris-2/740203.bmp
74,02,04,./dataset/MMU-Iris-2/740204.bmp
74,02,05,./dataset/MMU-Iris-2/740205.bmp
75,01,01,./dataset/MMU-Iris-2/750101.bmp
75,01,02,./dataset/MMU-Iris-2/750102.bmp
75,01,03,./dataset/MMU-Iris-2/750103.bmp
75,01,04,./dataset/MMU-Iris-2/750104.bmp
75,01,05,./dataset/MMU-Iris-2/750105.bmp
75,02,01,./dataset/MMU-Iris-2/750201.bmp
75,02,02,./dataset/MMU-Iris-2/750202.bmp
75,02,03,./dataset/MMU-Iris-2/750203.bmp
75,02,04,./dataset/MMU-Iris-2/750204.bmp
75,02,05,./dataset/MMU-Iris-2/750205.bmp
76,01,01,./dataset/MMU-Iris-2/760101.bmp
76,01,02,./dataset/MMU-Iris-2/760102.bmp
76,01,03,./dataset/MMU-Iris-2/760103.bmp
76,01,04,./dataset/MMU-Iris-2/760104.bmp
76,01,05,./dataset/MMU-Iris-2/760105.bmp
76,02,01,./dataset/MMU-Iris-2/760201.bmp
76,02,02,./dataset/MMU-Iris-2/760202.bmp
76,02,03,./dataset/MMU-Iris-2/760203.bmp
76,02,04,./dataset/MMU-Iris-2/760204.bmp
76,02,05,./dataset/MMU-Iris-2/760205.bmp
77,01,01,./dataset/MMU-Iris-2/770101.bmp
77,01,02,./dataset/MMU-Iris-2/770102.bmp
77,01,03,./dataset/MMU-Iris-2/770103.bmp
77,01,04,./dataset/MMU-Iris-2/770104.bmp
77,01,05,./dataset/MMU-Iris-2/770105.bmp
77,02,01,./dataset/MMU-Iris-2/770201.bmp
77,02,02,./dataset/MMU-Iris-2/770202.bmp
77,02,03,./dataset/MMU-Iris-2/770203.bmp
77,02,04,./dataset/MMU-Iris-2/770204.bmp
77,02,05,./dataset/MMU-Iris-2/770205.bmp
78,01,01,./dataset/MMU-Iris-2/780101.bmp
78,01,02,./dataset/MMU-Iris-2/780102.bmp
78,01,03,./dataset/MMU-Iris-2/780103.bmp
78,01,04,./dataset/MMU-Iris-2/780104.bmp
78,01,05,./dataset/MMU-Iris-2/780105.bmp
78,02,01,./dataset/MMU-Iris-2/780201.bmp
78,02,02,./dataset/MMU-Iris-2/780202.bmp
78,02,03,./dataset/MMU-Iris-2/780203.bmp
78,02,04,./dataset/MMU-Iris-2/780204.bmp
78,02,05,./dataset/MMU-Iris-2/780205.bmp
79,01,01,./dataset/MMU-Iris-2/790101.bmp
79,01,02,./dataset/MMU-Iris-2/790102.bmp
79,01,03,./dataset/MMU-Iris-2/790103.bmp
79,01,04,./dataset/MMU-Iris-2/790104.bmp
79,01,05,./dataset/MMU-Iris-2/790105.bmp
79,02,01,./dataset/MMU-Iris-2/790201.bmp
79,02,02,./dataset/MMU-Iris-2/790202.bmp
79,02,03,./dataset/MMU-Iris-2/790203.bmp
79,02,04,./dataset/MMU-Iris-2/790204.bmp
79,02,05,./dataset/MMU-Iris-2/790205.bmp
80,01,01,./dataset/MMU-Iris-2/800101.bmp
80,01,02,./dataset/MMU-Iris-2/800102.bmp
80,01,03,./dataset/MMU-Iris-2/800103.bmp
80,01,04,./dataset/MMU-Iris-2/800104.bmp
80,01,05,./dataset/MMU-Iris-2/800105.bmp
80,02,01,./dataset/MMU-Iris-2/800201.bmp
80,02,02,./dataset/MMU-Iris-2/800202.bmp
80,02,03,./dataset/MMU-Iris-2/800203.bmp
80,02,04,./dataset/MMU-Iris-2/800204.bmp
80,02,05,./dataset/MMU-Iris-2/800205.bmp
81,01,01,./dataset/MMU-Iris-2/810101.bmp
81,01,02,./dataset/MMU-Iris-2/810102.bmp
81,01,03,./dataset/MMU-Iris-2/810103.bmp
81,01,04,./dataset/MMU-Iris-2/810104.bmp
81,01,05,./dataset/MMU-Iris-2/810105.bmp
81,02,01,./dataset/MMU-Iris-2/810201.bmp
81,02,02,./dataset/MMU-Iris-2/810202.bmp
81,02,03,./dataset/MMU-Iris-2/810203.bmp
81,02,04,./dataset/MMU-Iris-2/810204.bmp
81,02,05,./dataset/MMU-Iris-2/810205.bmp
82,01,01,./dataset/MMU-Iris-2/820101.bmp
82,01,02,./dataset/MMU-Iris-2/820102.bmp
82,01,03,./dataset/MMU-Iris-2/820103.bmp
82,01,04,./dataset/MMU-Iris-2/820104.bmp
82,01,05,./dataset/MMU-Iris-2/820105.bmp
82,02,01,./dataset/MMU-Iris-2/820201.bmp
82,02,02,./dataset/MMU-Iris-2/820202.bmp
82,02,03,./dataset/MMU-Iris-2/820203.bmp
82,02,04,./dataset/MMU-Iris-2/820204.bmp
82,02,05,./dataset/MMU-Iris-2/820205.bmp
83,01,01,./dataset/MMU-Iris-2/830101.bmp
83,01,02,./dataset/MMU-Iris-2/830102.bmp
83,01,03,./dataset/MMU-Iris-2/830103.bmp
83,01,04,./dataset/MMU-Iris-2/830104.bmp
83,01,05,./dataset/MMU-Iris-2/830105.bmp
83,02,01,./dataset/MMU-Iris-2/830201.bmp
83,02,02,./dataset/MMU-Iris-2/830202.bmp
83,02,03,./dataset/MMU-Iris-2/830203.bmp
83,02,04,./dataset/MMU-Iris-2/830204.bmp
83,02,05,./dataset/MMU-Iris-2/830205.bmp
84,01,01,./dataset/MMU-Iris-2/840101.bmp
84,01,02,./dataset/MMU-Iris-2/840102.bmp
84,01,03,./dataset/MMU-Iris-2/840103.bmp
84,01,04,./dataset/MMU-Iris-2/840104.bmp
84,01,05,./dataset/MMU-Iris-2/840105.bmp
84,02,01,./dataset/MMU-Iris-2/840201.bmp
84,02,02,./dataset/MMU-Iris-2/840202.bmp
84,02,03,./dataset/MMU-Iris-2/840203.bmp
84,02,04,./dataset/MMU-Iris-2/840204.bmp
84,02,05,./dataset/MMU-Iris-2/840205.bmp
85,01,01,./dataset/MMU-Iris-2/850101.bmp
85,01,02,./dataset/MMU-Iris-2/850102.bmp
85,01,03,./dataset/MMU-Iris-2/850103.bmp
85,01,04,./dataset/MMU-Iris-2/850104.bmp
85,01,05,./dataset/MMU-Iris-2/850105.bmp
85,02,01,./dataset/MMU-Iris-2/850201.bmp
85,02,02,./dataset/MMU-Iris-2/850202.bmp
85,02,03,./dataset/MMU-Iris-2/850203.bmp
85,02,04,./dataset/MMU-Iris-2/850204.bmp
85,02,05,./dataset/MMU-Iris-2/850205.bmp
86,01,01,./dataset/MMU-Iris-2/860101.bmp
86,01,02,./dataset/MMU-Iris-2/860102.bmp
86,01,03,./dataset/MMU-Iris-2/860103.bmp
86,01,04,./dataset/MMU-Iris-2/860104.bmp
86,01,05,./dataset/MMU-Iris-2/860105.bmp
86,02,01,./dataset/MMU-Iris-2/860201.bmp
86,02,02,./dataset/MMU-Iris-2/860202.bmp
86,02,03,./dataset/MMU-Iris-2/860203.bmp
86,02,04,./dataset/MMU-Iris-2/860204.bmp
86,02,05,./dataset/MMU-Iris-2/860205.bmp
87,01,01,./dataset/MMU-Iris-2/870101.bmp
87,01,02,./dataset/MMU-Iris-2/870102.bmp
87,01,03,./dataset/MMU-Iris-2/870103.bmp
87,01,04,./dataset/MMU-Iris-2/870104.bmp
87,01,05,./dataset/MMU-Iris-2/870105.bmp
87,02,01,./dataset/MMU-Iris-2/870201.bmp
87,02,02,./dataset/MMU-Iris-2/870202.bmp
87,02,03,./dataset/MMU-Iris-2/870203.bmp
87,02,04,./dataset/MMU-Iris-2/870204.bmp
87,02,05,./dataset/MMU-Iris-2/870205.bmp
88,01,01,./dataset/MMU-Iris-2/880101.bmp
88,01,02,./dataset/MMU-Iris-2/880102.bmp
88,01,03,./dataset/MMU-Iris-2/880103.bmp
88,01,04,./dataset/MMU-Iris-2/880104.bmp
88,01,05,./dataset/MMU-Iris-2/880105.bmp
88,02,01,./dataset/MMU-Iris-2/880201.bmp
88,02,02,./dataset/MMU-Iris-2/880202.bmp
88,02,03,./dataset/MMU-Iris-2/880203.bmp
88,02,04,./dataset/MMU-Iris-2/880204.bmp
88,02,05,./dataset/MMU-Iris-2/880205.bmp
89,01,01,./dataset/MMU-Iris-2/890101.bmp
89,01,02,./dataset/MMU-Iris-2/890102.bmp
89,01,03,./dataset/MMU-Iris-2/890103.bmp
89,01,04,./dataset/MMU-Iris-2/890104.bmp
89,01,05,./dataset/MMU-Iris-2/890105.bmp
89,02,01,./dataset/MMU-Iris-2/890201.bmp
89,02,02,./dataset/MMU-Iris-2/890202.bmp
89,02,03,./dataset/MMU-Iris-2/890203.bmp
89,02,04,./dataset/MMU-Iris-2/890204.bmp
89,02,05,./dataset/MMU-Iris-2/890205.bmp
90,01,01,./dataset/MMU-Iris-2/900101.bmp
90,01,02,./dataset/MMU-Iris-2/900102.bmp
90,01,03,./dataset/MMU-Iris-2/900103.bmp
90,01,04,./dataset/MMU-Iris-2/900104.bmp
90,01,05,./dataset/MMU-Iris-2/900105.bmp
90,02,01,./dataset/MMU-Iris-2/900201.bmp
90,02,02,./dataset/MMU-Iris-2/900202.bmp
90,02,03,./dataset/MMU-Iris-2/900203.bmp
90,02,04,./dataset/MMU-Iris-2/900204.bmp
90,02,05,./dataset/MMU-Iris-2/900205.bmp
91,01,01,./dataset/MMU-Iris-2/910101.bmp
91,01,02,./dataset/MMU-Iris-2/910102.bmp
91,01,03,./dataset/MMU-Iris-2/910103.bmp
91,01,04,./dataset/MMU-Iris-2/910104.bmp
91,01,05,./dataset/MMU-Iris-2/910105.bmp
91,02,01,./dataset/MMU-Iris-2/910201.bmp
91,02,02,./dataset/MMU-Iris-2/910202.bmp
91,02,03,./dataset/MMU-Iris-2/910203.bmp
91,02,04,./dataset/MMU-Iris-2/910204.bmp
91,02,05,./dataset/MMU-Iris-2/910205.bmp
92,01,01,./dataset/MMU-Iris-2/920101.bmp
92,01,02,./dataset/MMU-Iris-2/920102.bmp
92,01,03,./dataset/MMU-Iris-2/920103.bmp
92,01,04,./dataset/MMU-Iris-2/920104.bmp
92,01,05,./dataset/MMU-Iris-2/920105.bmp
92,02,01,./dataset/MMU-Iris-2/920201.bmp
92,02,02,./dataset/MMU-Iris-2/920202.bmp
92,02,03,./dataset/MMU-Iris-2/920203.bmp
92,02,04,./dataset/MMU-Iris-2/920204.bmp
92,02,05,./dataset/MMU-Iris-2/920205.bmp
93,01,01,./dataset/MMU-Iris-2/930101.bmp
93,01,02,./dataset/MMU-Iris-2/930102.bmp
93,01,03,./dataset/MMU-Iris-2/930103.bmp
93,01,04,./dataset/MMU-Iris-2/930104.bmp
93,01,05,./dataset/MMU-Iris-2/930105.bmp
93,02,01,./dataset/MMU-Iris-2/930201.bmp
93,02,02,./dataset/MMU-Iris-2/930202.bmp
93,02,03,./dataset/MMU-Iris-2/930203.bmp
93,02,04,./dataset/MMU-Iris-2/930204.bmp
93,02,05,./dataset/MMU-Iris-2/930205.bmp
94,01,01,./dataset/MMU-Iris-2/940101.bmp
94,01,02,./dataset/MMU-Iris-2/940102.bmp
94,01,03,./dataset/MMU-Iris-2/940103.bmp
94,01,04,./dataset/MMU-Iris-2/940104.bmp
94,01,05,./dataset/MMU-Iris-2/940105.bmp
94,02,01,./dataset/MMU-Iris-2/940201.bmp
94,02,02,./dataset/MMU-Iris-2/940202.bmp
94,02,03,./dataset/MMU-Iris-2/940203.bmp
94,02,04,./dataset/MMU-Iris-2/940204.bmp
94,02,05,./dataset/MMU-Iris-2/940205.bmp
95,01,01,./dataset/MMU-Iris-2/950101.bmp
95,01,02,./dataset/MMU-Iris-2/950102.bmp
95,01,03,./dataset/MMU-Iris-2/950103.bmp
95,01,04,./dataset/MMU-Iris-2/950104.bmp
95,01,05,./dataset/MMU-Iris-2/950105.bmp
95,02,01,./dataset/MMU-Iris-2/950201.bmp
95,02,02,./dataset/MMU-Iris-2/950202.bmp
95,02,03,./dataset/MMU-Iris-2/950203.bmp
95,02,04,./dataset/MMU-Iris-2/950204.bmp
95,02,05,./dataset/MMU-Iris-2/950205.bmp
96,01,01,./dataset/MMU-Iris-2/960101.bmp
96,01,02,./dataset/MMU-Iris-2/960102.bmp
96,01,03,./dataset/MMU-Iris-2/960103.bmp
96,01,04,./dataset/MMU-Iris-2/960104.bmp
96,01,05,./dataset/MMU-Iris-2/960105.bmp
96,02,01,./dataset/MMU-Iris-2/960201.bmp
96,02,02,./dataset/MMU-Iris-2/960202.bmp
96,02,03,./dataset/MMU-Iris-2/960203.bmp
96,02,04,./dataset/MMU-Iris-2/960204.bmp
96,02,05,./dataset/MMU-Iris-2/960205.bmp
97,01,01,./dataset/MMU-Iris-2/970101.bmp
97,01,02,./dataset/MMU-Iris-2/970102.bmp
97,01,03,./dataset/MMU-Iris-2/970103.bmp
97,01,04,./dataset/MMU-Iris-2/970104.bmp
97,01,05,./dataset/MMU-Iris-2/970105.bmp
97,02,01,./dataset/MMU-Iris-2/970201.bmp
97,02,02,./dataset/MMU-Iris-2/970202.bmp
97,02,03,./dataset/MMU-Iris-2/970203.bmp
97,02,04,./dataset/MMU-Iris-2/970204.bmp
97,02,05,./dataset/MMU-Iris-2/970205.bmp
98,01,01,./dataset/MMU-Iris-2/980101.bmp
98,01,02,./dataset/MMU-Iris-2/980102.bmp
98,01,03,./dataset/MMU-Iris-2/980103.bmp
98,01,04,./dataset/MMU-Iris-2/980104.bmp
98,01,05,./dataset/MMU-Iris-2/980105.bmp
98,02,01,./dataset/MMU-Iris-2/980201.bmp
98,02,02,./dataset/MMU-Iris-2/980202.bmp
98,02,03,./dataset/MMU-Iris-2/980203.bmp
98,02,04,./dataset/MMU-Iris-2/980204.bmp
98,02,05,./dataset/MMU-Iris-2/980205.bmp
99,01,01,./dataset/MMU-Iris-2/990101.bmp
99,01,02,./dataset/MMU-Iris-2/990102.bmp
99,01,03,./dataset/MMU-Iris-2/990103.bmp
99,01,04,./dataset/MMU-Iris-2/990104.bmp
99,01,05,./dataset/MMU-Iris-2/990105.bmp
99,02,01,./dataset/MMU-Iris-2/990201.bmp
99,02,02,./dataset/MMU-Iris-2/990202.bmp
99,02,03,./dataset/MMU-Iris-2/990203.bmp
99,02,04,./dataset/MMU-Iris-2/990204.bmp
99,02,05,./dataset/MMU-Iris-2/990205.bmp
